,0,1,2,3,4,5,6,7,8,9,10,11,12,13,14,15,16,17,18,19,20,21,22,23,24,25,26,27,28,29,30,31,32,33,34,35,36,37,38,39,40,41,42,43,44,45,46,47
0,0.20383339,0.20093969,0.20171551,0.20802875,0.21094356,0.2108469,0.20985,0.08828279,0.08171078,0.19064806,0.14265238,0.16759048,0.16838327,0.13216107,0.12783848,0.16391173,0.23213398,0.23789881,0.26674676,0.16451798,0.12325275,0.14494085,0.09897363,0.13596718,0.14560816,0.1182959,0.13439314,0.10223409,0.10612848,0.118005514,0.10902878,0.09009109,0.12085171,0.12067824,0.14491406,0.14732517,0.15190427,0.15517496,0.14771725,0.15055068,0.12454637,0.14005256,0.14211933,0.107312314,0.09105667,0.085794546,0.07407587,0.06467944
0,0.21708022,0.21430853,0.21324623,0.21077275,0.21092093,0.20842086,0.1930388,0.11028141,0.120026484,0.1456236,0.22504626,0.18512025,0.16444671,0.15539563,0.104922555,0.10278461,0.12487614,0.1786956,0.20709124,0.15533777,0.13510191,0.15754923,0.10629549,0.0870132,0.072268955,0.05726216,0.056358874,0.053208377,0.05731526,0.067474835,0.07621689,0.08126429,0.07820742,0.09254493,0.100154236,0.0979672,0.085076,0.074615724,0.06688794,0.07281507,0.07490386,0.08504649,0.11725509,0.07120724,0.047554854,0.038559854,0.028621007,0.021567212
0,0.34525365,0.34517324,0.34628382,0.34189677,0.3385495,0.34171486,0.33634374,0.30853105,0.34123188,0.33995306,0.29637104,0.26256686,0.24060719,0.25407672,0.23646982,0.28581843,0.32659814,0.32070163,0.20944412,0.19348866,0.18376832,0.18728943,0.18658172,0.2203391,0.2782758,0.29622278,0.3503077,0.3160111,0.30925748,0.30549628,0.2952305,0.29558173,0.3322025,0.3120594,0.30344632,0.31372914,0.31143507,0.32754597,0.31160882,0.30780455,0.23859377,0.23462038,0.19808833,0.13262163,0.11465757,0.09494101,0.07643647,0.056834497
0,0.22160211,0.22298864,0.22862768,0.23563914,0.2305223,0.22836177,0.22471862,0.17131162,0.16495703,0.20788072,0.20843327,0.2092131,0.18058483,0.1356787,0.13144967,0.17178498,0.17452936,0.22621217,0.23650037,0.14496498,0.13935153,0.14486182,0.09544753,0.10057484,0.085175216,0.08638011,0.12680356,0.09577393,0.09122558,0.098038405,0.102826916,0.07779912,0.08055403,0.08167363,0.09144665,0.10308956,0.09944218,0.1016791,0.105684035,0.12751654,0.10481375,0.13119215,0.16765223,0.097214065,0.08590744,0.07089015,0.064181015,0.056611687
0,0.019830842,0.019879658,0.018860878,0.013356045,0.010954272,0.013044856,0.011647255,0.0075661214,0.022316856,0.016767493,0.010527748,0.020161895,0.017257323,0.012524336,0.01378116,0.026036566,0.04749196,0.06513639,0.031188441,0.03099989,0.021037614,0.036922436,0.04438873,0.028650925,0.028571775,0.07912534,0.12591992,0.11023308,0.060718607,0.044411756,0.039979815,0.019523414,0.018696079,0.024955986,0.020473441,0.0142158065,0.007032865,0.005948817,0.0055394536,0.0060780956,0.004841955,0.004355322,0.0026091333,0.0027889558,0.003262924,0.0033983176,0.0022650193,0.0020034784
0,0.2767059,0.28056434,0.28050464,0.2875323,0.29099956,0.29113027,0.27950263,0.19016412,0.22308181,0.2662488,0.2936977,0.28118253,0.24494508,0.2727402,0.23358193,0.3311339,0.37550446,0.31731382,0.3030555,0.20609272,0.16740309,0.09265387,0.08142006,0.094513014,0.1196476,0.11341379,0.097188294,0.07631321,0.07793114,0.09564438,0.08705532,0.08031366,0.08898912,0.08849513,0.09351623,0.07718199,0.07900067,0.098601155,0.09206098,0.10445227,0.094157815,0.100103654,0.1363462,0.11250787,0.09550832,0.086916514,0.080346555,0.063391745
0,0.2513369,0.25065365,0.25235814,0.26255444,0.26497564,0.2725124,0.25176302,0.19733939,0.22030914,0.24680462,0.2569305,0.23104858,0.21180676,0.1950184,0.16057181,0.18273991,0.21517168,0.20993213,0.24163209,0.18547757,0.122081354,0.13487068,0.084032096,0.08993903,0.10191007,0.08120034,0.08289733,0.076916255,0.0931954,0.10146909,0.11940773,0.11382455,0.11919955,0.11927664,0.12664907,0.1443088,0.1421024,0.13640673,0.1189533,0.1317002,0.13380998,0.14417432,0.17814812,0.08474564,0.07052584,0.06464922,0.06347926,0.061046887
0,0.19269536,0.19008021,0.19571199,0.20937338,0.20357703,0.2172036,0.23895283,0.22378416,0.2044323,0.21703544,0.19506472,0.16147347,0.14560191,0.15864412,0.13620341,0.18623944,0.24911974,0.2612396,0.2896828,0.18185925,0.2529109,0.23894162,0.1644426,0.15566367,0.14034848,0.097357534,0.11546302,0.100725584,0.10524215,0.11541281,0.10556048,0.08523868,0.10104295,0.094996326,0.108579874,0.13368109,0.12350849,0.114955805,0.11453018,0.10974586,0.105131805,0.11143166,0.12583786,0.08918072,0.08039418,0.06070379,0.052580077,0.043648187
0,0.20465393,0.20106898,0.20432284,0.21618739,0.21485905,0.21171199,0.18666236,0.13607655,0.14270465,0.1887934,0.17417003,0.1693037,0.14901142,0.14364496,0.10093278,0.152907,0.21048594,0.23902352,0.24139741,0.12874396,0.12326832,0.11745664,0.0843114,0.122528195,0.091369264,0.07729454,0.09070247,0.070175,0.07778764,0.09125801,0.09734415,0.08809982,0.0911954,0.06942464,0.07836878,0.0835317,0.07329577,0.08191703,0.08479238,0.07892424,0.073520765,0.09331487,0.1215142,0.08002832,0.07240418,0.0643192,0.06314226,0.054488625
0,0.20901051,0.20944197,0.21261549,0.23919831,0.23417735,0.23214288,0.24867685,0.20903182,0.257166,0.31856668,0.27683434,0.16183722,0.16053054,0.14649732,0.15766695,0.2414207,0.1882314,0.25918782,0.22954677,0.17074361,0.20980893,0.20423472,0.12415712,0.17177473,0.20586808,0.18825877,0.21620011,0.18687953,0.20049596,0.2221272,0.2121055,0.18752247,0.1690111,0.16463406,0.18887581,0.20274031,0.19907813,0.1929959,0.17986955,0.20048168,0.17118983,0.18443872,0.23797694,0.14278673,0.11076736,0.09120267,0.08242326,0.062019434
0,0.26307455,0.26318738,0.26123556,0.26353392,0.26647404,0.27295765,0.24250375,0.16137515,0.13425753,0.113961674,0.22008447,0.19698286,0.16327578,0.13652985,0.10674395,0.11510434,0.16721322,0.1810742,0.1533641,0.118856035,0.049528748,0.052813243,0.044148173,0.06450599,0.09108068,0.07811864,0.121758655,0.12052777,0.16473193,0.14907208,0.14382085,0.15984438,0.1960722,0.17600468,0.20162216,0.21179776,0.2210034,0.20255601,0.17518555,0.17927349,0.16384096,0.17987642,0.19048308,0.14580266,0.1290032,0.12025999,0.107554495,0.10136278
0,0.2427237,0.2425394,0.24210253,0.24374978,0.24559484,0.24745063,0.22969142,0.23251536,0.20540968,0.22787873,0.244076,0.24120961,0.2317338,0.21789558,0.17136401,0.19156313,0.20445819,0.2176084,0.27020842,0.12606603,0.11184379,0.1018309,0.10660984,0.10956196,0.09799204,0.095177166,0.10170652,0.051672257,0.047788527,0.066203296,0.059473068,0.055537272,0.056574076,0.06590296,0.07042204,0.07693987,0.060580987,0.065848395,0.058317285,0.05848945,0.054692782,0.077676475,0.087968886,0.06598189,0.06054261,0.05731028,0.05755758,0.0533987
0,0.22753178,0.22797659,0.2294431,0.23443034,0.2300208,0.23172422,0.18988414,0.15190575,0.16223839,0.17224617,0.17172654,0.1434175,0.13041992,0.11859026,0.06589234,0.09497828,0.08267122,0.123841524,0.1312977,0.089938454,0.092691235,0.1377187,0.1102533,0.15021668,0.13130121,0.10140337,0.14290579,0.108213186,0.1183628,0.12284917,0.12200683,0.11516563,0.1401196,0.13352478,0.15740962,0.15837221,0.15586033,0.17126763,0.14914303,0.14454293,0.11577661,0.13901664,0.16144054,0.11607341,0.098033525,0.09200881,0.07904293,0.06684758
0,0.30052742,0.30154842,0.3003606,0.3075492,0.30811906,0.30736408,0.2878666,0.19980994,0.18269326,0.21102965,0.23798521,0.22489277,0.25107345,0.22927879,0.15966444,0.2302937,0.26603627,0.28368834,0.31444868,0.21760736,0.1589316,0.09063663,0.09243526,0.1586708,0.15426056,0.15363936,0.1886184,0.16765057,0.1707292,0.17885615,0.17072643,0.14746827,0.1501718,0.14447583,0.14150551,0.1595475,0.15444492,0.15962473,0.15286624,0.16428755,0.13692793,0.16329907,0.21230045,0.12150317,0.10616149,0.09152775,0.08302639,0.07097745
0,0.22046366,0.2144159,0.21767247,0.22922431,0.23000363,0.23301323,0.24328688,0.24442463,0.23048806,0.24222417,0.24436572,0.23176877,0.20096087,0.18690632,0.20120476,0.2602242,0.22371264,0.25555566,0.2611353,0.1877567,0.18436548,0.15376276,0.08177652,0.1391185,0.12871407,0.12274029,0.20338538,0.13722163,0.13473473,0.13088877,0.11951821,0.09208532,0.079665355,0.06550158,0.065087855,0.074019514,0.041879863,0.052816678,0.058719575,0.08505969,0.07677872,0.1122606,0.14631163,0.090291575,0.06894194,0.053496033,0.052075427,0.03801025
0,0.2799649,0.27793488,0.2775614,0.28418744,0.2794652,0.28545165,0.29357705,0.28156924,0.26297456,0.30002576,0.30062374,0.26139963,0.2904205,0.27734068,0.31624815,0.33897424,0.35077944,0.42005968,0.42778072,0.338561,0.3317818,0.22381666,0.22391243,0.19448245,0.23978376,0.21568279,0.18162678,0.14590423,0.15515757,0.1825518,0.1891028,0.11705413,0.13069855,0.12113495,0.07633286,0.072056614,0.06813866,0.07939943,0.073777735,0.10092207,0.06935103,0.1416623,0.19194968,0.12218938,0.10207921,0.07945523,0.06397261,0.053755965
0,0.22314088,0.22207604,0.22873998,0.23409894,0.23371501,0.2434291,0.228141,0.18763758,0.2014519,0.23590456,0.19946198,0.2739193,0.22737347,0.17912792,0.16500968,0.15219222,0.16499859,0.23398958,0.1829906,0.13290064,0.11003836,0.07836101,0.055800766,0.05166284,0.077791326,0.0733346,0.08681116,0.10717274,0.09266285,0.11553798,0.107719295,0.10136198,0.098162934,0.13700227,0.18625346,0.21991912,0.20490311,0.17101215,0.13783701,0.13837393,0.08607247,0.09555561,0.13302037,0.079038024,0.06511438,0.05583755,0.050579734,0.0470445
0,0.2794655,0.27843887,0.27577463,0.28405714,0.28233588,0.28018495,0.2690315,0.19124763,0.16002856,0.19317661,0.18946652,0.23095718,0.18281816,0.15675895,0.15917633,0.20090719,0.24323905,0.2935322,0.31218702,0.24065502,0.20483641,0.19147418,0.09262065,0.10565553,0.12322543,0.11319014,0.09478693,0.08586774,0.086338155,0.097797446,0.09174643,0.085347004,0.0923549,0.10445656,0.09685191,0.09724571,0.070568435,0.07500729,0.080025256,0.078641415,0.07472045,0.09245844,0.14189501,0.10707492,0.09347947,0.07938682,0.084194206,0.07693789
0,0.26179904,0.26350465,0.2658968,0.27033016,0.26784492,0.26389366,0.26447988,0.22392264,0.18057103,0.1917371,0.19408123,0.17179254,0.16941051,0.16724284,0.13504776,0.124561146,0.16479275,0.21250354,0.19261622,0.1376295,0.14442728,0.15568045,0.06115042,0.15539359,0.08539358,0.07083429,0.09172558,0.07972896,0.1049869,0.13935058,0.12504126,0.11201956,0.13302027,0.11159728,0.13797879,0.13422243,0.11670977,0.12340019,0.12212403,0.12144671,0.108571604,0.13686147,0.17318049,0.11246673,0.09520926,0.0844555,0.0783845,0.064575605
0,0.32080594,0.3213111,0.32366642,0.33251122,0.33036783,0.32395902,0.31275877,0.18849818,0.18664078,0.24168842,0.21377864,0.24502754,0.20568112,0.1555322,0.08414885,0.124278665,0.1748263,0.18633325,0.17697969,0.13627079,0.13418671,0.116557434,0.108670846,0.123202994,0.11103443,0.12485468,0.11845221,0.07933637,0.10927566,0.10352502,0.090192795,0.08936475,0.08836942,0.077552736,0.07523983,0.07538568,0.08137747,0.088034354,0.07292571,0.08363139,0.07293814,0.08946335,0.09525045,0.05472517,0.0466634,0.03802025,0.033942766,0.02435653
0,0.2743828,0.26881722,0.27036253,0.2850441,0.2823436,0.29077646,0.2793722,0.231045,0.21438077,0.2563616,0.25940362,0.21964064,0.22188929,0.19092558,0.18950796,0.2295591,0.32280105,0.36627802,0.36850902,0.32624322,0.31399706,0.22884972,0.15927233,0.21158968,0.17638211,0.19325505,0.17290972,0.15145354,0.16051427,0.20037103,0.17951255,0.15617752,0.16228507,0.179264,0.138312,0.13742001,0.13060434,0.15530346,0.14551735,0.16198945,0.12436606,0.13397,0.1950219,0.092937246,0.083847485,0.0766918,0.07076096,0.062238302
0,0.02711319,0.02662873,0.029117286,0.02784119,0.02634324,0.023196861,0.017856946,0.013158396,0.02222465,0.028083056,0.037865527,0.038477577,0.052372612,0.08241193,0.07371333,0.10077661,0.21934281,0.25759757,0.1440955,0.056774616,0.027763648,0.03699802,0.046051815,0.1726429,0.120784186,0.15752873,0.27085176,0.2089381,0.22685872,0.29416537,0.39218262,0.3090509,0.12827218,0.08916799,0.096776254,0.061215043,0.024535015,0.023458656,0.019899884,0.021834545,0.013234991,0.01005929,0.0051753647,0.00879132,0.007619987,0.008263712,0.008903954,0.0057155318
0,0.21094327,0.20657432,0.20631997,0.21412861,0.21176866,0.2047358,0.20822231,0.1839184,0.17994203,0.20227993,0.15487018,0.1593664,0.13362585,0.11251004,0.09468145,0.105682015,0.13345881,0.15484762,0.12846611,0.09054252,0.1021471,0.070716985,0.05701315,0.0962862,0.11112731,0.09999419,0.097113945,0.088779874,0.08728323,0.11046419,0.11238388,0.116140954,0.13792121,0.1597395,0.146392,0.13939182,0.09582191,0.12070569,0.12004385,0.16218281,0.11271121,0.10547338,0.10604308,0.05198067,0.040502485,0.034413658,0.030560492,0.027571259
0,0.2678696,0.2665893,0.27446517,0.28802952,0.28434023,0.28706092,0.24164636,0.14228202,0.1637417,0.14817396,0.17969441,0.13592552,0.15758248,0.12685405,0.06751812,0.09888177,0.16153803,0.22764467,0.2323387,0.16637042,0.15384053,0.14023943,0.13120899,0.15043001,0.15474199,0.1435553,0.16560443,0.1300172,0.123315096,0.12246609,0.10866872,0.0915088,0.13724115,0.1433088,0.15336348,0.1615079,0.14175181,0.14527512,0.15594791,0.14859931,0.13153343,0.14237823,0.15234338,0.092214294,0.0830216,0.07478022,0.07272767,0.066690326
0,0.010767404,0.010801293,0.011895642,0.011754947,0.01052264,0.010537406,0.013530876,0.0055441703,0.0059076115,0.003053071,0.0031438537,0.009055129,0.008741155,0.010891609,0.012272386,0.019161582,0.027029572,0.050017666,0.010687939,0.006849373,0.0021642025,0.0028587752,0.0021632442,0.0044165007,0.0026065658,0.0031679634,0.005451319,0.0046357857,0.006472764,0.007502638,0.007462212,0.00701001,0.00666273,0.00518034,0.005767965,0.0037572351,0.0047881803,0.0034093694,0.0032758955,0.003988842,0.0030375363,0.0019700183,0.002510763,0.007829268,0.007315305,0.007457688,0.005607741,0.00402424
0,0.2869381,0.27824053,0.27555233,0.2902182,0.28925216,0.28678954,0.22677755,0.1432835,0.19587676,0.2832316,0.2171419,0.17505454,0.16720597,0.16177203,0.18022144,0.18927717,0.2589167,0.24822831,0.26819277,0.1328621,0.17296676,0.14889759,0.07597479,0.079883486,0.07607748,0.064360365,0.0974055,0.08437835,0.08985825,0.11731521,0.11808469,0.13695435,0.1463766,0.17205794,0.19001365,0.21338446,0.18012868,0.16088258,0.13618384,0.12904526,0.11229469,0.1235948,0.13765238,0.073283724,0.05877909,0.0611646,0.05881225,0.05989347
0,0.27379093,0.27098128,0.27612814,0.28502265,0.27799305,0.27064922,0.26091918,0.15337339,0.20885065,0.18425128,0.16151725,0.19439094,0.1772377,0.17172012,0.13615835,0.2072526,0.19456105,0.19547223,0.20967968,0.12696259,0.13612714,0.13404767,0.082451485,0.10347364,0.12092122,0.11886493,0.12524512,0.1252672,0.120040216,0.1380164,0.14644714,0.13827012,0.14977406,0.16270666,0.17179604,0.17409205,0.15702055,0.14331861,0.13914458,0.13556506,0.12236523,0.1811211,0.21184622,0.14105557,0.11735072,0.11296175,0.10080426,0.09089944
0,0.23964524,0.2396543,0.2430358,0.24517706,0.24382071,0.24731734,0.24899243,0.25718984,0.27245545,0.2691919,0.18785746,0.20514393,0.17631607,0.17456159,0.19540228,0.23816097,0.30855286,0.31426474,0.29030466,0.18253027,0.14081062,0.1368526,0.11937716,0.16557743,0.12397381,0.11357291,0.11572994,0.109766126,0.1157463,0.15063925,0.13014095,0.13508736,0.113444805,0.12724636,0.12710741,0.14084359,0.09735829,0.0906257,0.07174504,0.087997906,0.09163951,0.11452128,0.15416375,0.053894013,0.042562664,0.034757394,0.031654935,0.030902093
0,0.2744898,0.27331457,0.2738112,0.27305028,0.27659056,0.2862534,0.27028605,0.19954665,0.21245563,0.20797372,0.22890602,0.20198672,0.19318472,0.18713927,0.17958973,0.23090652,0.24192713,0.2521907,0.26118675,0.1732209,0.19928528,0.20739202,0.19407974,0.20995085,0.21470523,0.17580615,0.15547062,0.15389097,0.15049498,0.18969685,0.19615102,0.24901147,0.20687655,0.18721066,0.20302093,0.18605225,0.2012103,0.17537616,0.15793058,0.1736282,0.16762237,0.1676514,0.15394536,0.08187431,0.061025824,0.0531702,0.05082596,0.04711499
0,0.26787266,0.26863027,0.26817098,0.26810652,0.26903686,0.26898667,0.25353125,0.16315064,0.22014037,0.18699995,0.21818209,0.19095375,0.1829381,0.1438056,0.11232241,0.19779931,0.25526568,0.21771513,0.19028658,0.1315988,0.071228586,0.061645295,0.07838734,0.07721373,0.07899804,0.08227458,0.09418883,0.093417995,0.084519245,0.09999425,0.103132896,0.1136288,0.13028805,0.12616861,0.13042517,0.16448331,0.16972068,0.15953147,0.15230487,0.14549595,0.122298755,0.13371588,0.14707766,0.09137101,0.08200338,0.067331985,0.06547994,0.05724562
0,0.2568681,0.25631562,0.2622629,0.27093896,0.2690383,0.27583796,0.27872872,0.21531716,0.19610985,0.25435165,0.27788067,0.16790347,0.15697435,0.16161995,0.15206999,0.22168098,0.2361933,0.2527528,0.2549772,0.1751905,0.16658676,0.16476478,0.13345265,0.1515346,0.14499234,0.17381768,0.20169917,0.16840157,0.15628646,0.17886926,0.17602497,0.17051356,0.18600202,0.20169365,0.22844279,0.21570256,0.17992078,0.15560181,0.11174746,0.10907145,0.08504116,0.09587926,0.110785745,0.039842557,0.029460257,0.0266534,0.026133591,0.025976742
0,0.24166678,0.24176018,0.24360912,0.25014135,0.24848023,0.247659,0.251607,0.20658052,0.19085161,0.23427229,0.20687003,0.21793012,0.18660621,0.16111845,0.15591462,0.1925251,0.23023446,0.26462075,0.25830752,0.1810174,0.16806352,0.16257942,0.13227586,0.12589972,0.10872568,0.115964465,0.121483244,0.098914556,0.102181904,0.122009456,0.12030671,0.110238664,0.11641427,0.13915701,0.14009176,0.13702627,0.1312959,0.109937385,0.10863077,0.1329427,0.124960855,0.16387916,0.17330341,0.10629177,0.09505981,0.08325007,0.076288275,0.069706164
0,0.29974398,0.29419822,0.29585394,0.29607615,0.29392907,0.29896274,0.30442968,0.27183446,0.22598532,0.2283912,0.2351624,0.19834784,0.2283986,0.19612256,0.18762873,0.17824829,0.25446805,0.20388444,0.23907304,0.2022913,0.21190779,0.22089322,0.16674286,0.17566934,0.16065797,0.15534358,0.20044886,0.15848659,0.15948412,0.18416056,0.17199072,0.17564355,0.18123926,0.181302,0.20547922,0.20334558,0.19729272,0.20086144,0.1940867,0.18864731,0.15935086,0.18363518,0.20945846,0.13785246,0.10958029,0.09158284,0.08638162,0.08198863
0,0.3162174,0.312461,0.31385595,0.31638557,0.30995747,0.32296494,0.30209008,0.21238644,0.23282194,0.27678403,0.3005515,0.25711238,0.2392103,0.21086381,0.1571754,0.1887395,0.2380548,0.27883005,0.33584985,0.23100428,0.2299825,0.17594457,0.13129216,0.19760486,0.18702888,0.17079602,0.18946655,0.18523453,0.17511816,0.19273868,0.1682295,0.14686064,0.10945131,0.11864233,0.12361461,0.13068658,0.10631263,0.12222197,0.09856242,0.11159643,0.10159948,0.12373799,0.17307249,0.08550956,0.07293441,0.062006652,0.06783848,0.057387598
0,0.26297832,0.26151016,0.26859972,0.27374685,0.2703476,0.26739424,0.23459259,0.1455288,0.14480886,0.13456029,0.12703851,0.16348836,0.113190904,0.092903845,0.08863803,0.13352066,0.15917496,0.1618691,0.18665965,0.1350283,0.054912712,0.022702286,0.022663886,0.06376806,0.083355926,0.09778773,0.10196719,0.07195133,0.10434909,0.14571898,0.15441078,0.16453336,0.18889059,0.18080729,0.21549134,0.25735348,0.25712308,0.2517659,0.20826009,0.1783699,0.1395084,0.10970759,0.1151963,0.04396429,0.030737579,0.024522915,0.018618612,0.01551107
0,0.05841896,0.057605308,0.058666356,0.0534154,0.052360024,0.053555228,0.054845702,0.026070941,0.034993358,0.03224362,0.032809447,0.041757338,0.032586083,0.055827957,0.049789846,0.06605951,0.11507372,0.12631905,0.075286046,0.052843418,0.02864672,0.039899983,0.023153713,0.05267787,0.05792256,0.052853763,0.075701945,0.058484044,0.057227135,0.051510077,0.056220718,0.032140892,0.0305423,0.02399922,0.014186258,0.011300017,0.008001025,0.023113972,0.019769212,0.032163393,0.028024226,0.08886664,0.014575015,0.005335141,0.006657435,0.008168783,0.0061372044,0.0033252672
0,0.27822515,0.2784538,0.28507712,0.29017404,0.28774154,0.28781006,0.27881083,0.16047849,0.18496764,0.1637838,0.157445,0.1648807,0.17470865,0.13285612,0.09845239,0.13938507,0.16364351,0.19057672,0.17922573,0.123146474,0.102543674,0.08991032,0.08076356,0.117377006,0.08181022,0.09060674,0.10907312,0.10777342,0.12508363,0.16433465,0.13720357,0.15375915,0.18089278,0.2067341,0.26383668,0.2751401,0.3094115,0.3126129,0.2687427,0.3078672,0.28390378,0.2905809,0.3161841,0.2373199,0.19271804,0.16193037,0.13909478,0.121336535
0,0.24566367,0.24422498,0.24385686,0.24640809,0.24449487,0.25081393,0.23525484,0.18808672,0.14153385,0.23901506,0.18812335,0.2128266,0.18187214,0.1600943,0.12817678,0.22276004,0.27850014,0.25792202,0.24191768,0.1752875,0.12973155,0.17178746,0.08115164,0.16786736,0.114792384,0.09992256,0.11733055,0.0933724,0.12291782,0.14453112,0.14513224,0.15148322,0.18142846,0.19435252,0.21409343,0.198855,0.1984129,0.19101787,0.16473706,0.16511331,0.13373122,0.13617049,0.15146682,0.090994164,0.07115485,0.0598813,0.05451523,0.049815632
0,0.2560509,0.25103444,0.25087294,0.26296094,0.26791868,0.27369562,0.28278542,0.221577,0.19699459,0.23311773,0.14920205,0.19849293,0.17663442,0.18634783,0.17214964,0.24709404,0.22539692,0.24232848,0.15254252,0.10424745,0.09743022,0.14456788,0.08863613,0.1615453,0.13262126,0.12803344,0.15572618,0.13208722,0.13759826,0.17113148,0.18221317,0.19120172,0.19326189,0.18578206,0.2156931,0.21170087,0.18113072,0.1755844,0.1732554,0.18489727,0.1324366,0.14459975,0.16409288,0.11814671,0.09575754,0.08666032,0.08283251,0.07101059
0,0.032007802,0.031543963,0.030240161,0.031011194,0.031869538,0.030549634,0.033585817,0.025184298,0.026815325,0.017770983,0.0155207245,0.019580843,0.017913818,0.019312669,0.018468771,0.0143252285,0.03880983,0.052939005,0.06075514,0.02707977,0.055497624,0.04383968,0.03235233,0.047190066,0.048654366,0.045303624,0.039956413,0.019301003,0.0067798086,0.0064987666,0.011034074,0.017271714,0.011194299,0.00870974,0.006947229,0.005026206,0.0064327763,0.012256045,0.0233246,0.030735586,0.023236586,0.016448556,0.011040836,0.0075802575,0.006721874,0.007293984,0.004490699,0.0030321968
0,0.023023618,0.023084678,0.023754125,0.024862047,0.024555132,0.024273714,0.028589917,0.02065206,0.021335872,0.022696793,0.026695058,0.025796486,0.020839956,0.031866413,0.033586327,0.05050517,0.09532515,0.14235155,0.09235101,0.04507171,0.027973974,0.023018155,0.0147954,0.046547905,0.03240288,0.03625424,0.02948235,0.009115129,0.007217616,0.008394055,0.015381977,0.01246582,0.009379656,0.008617478,0.005782961,0.0047965753,0.0046277973,0.006005544,0.00807295,0.008235248,0.0060634096,0.0059093363,0.00516097,0.0067108027,0.0073669404,0.006922906,0.004587848,0.003702039
0,0.25689164,0.25775957,0.2637768,0.27090546,0.27780014,0.28179067,0.28326222,0.21270828,0.20062803,0.18068644,0.16831085,0.15352528,0.13759042,0.15506431,0.174817,0.20609705,0.2369184,0.23892298,0.26226422,0.15636547,0.14523588,0.13422088,0.111048795,0.12728308,0.1255672,0.1197524,0.11715958,0.09505838,0.111053996,0.13108805,0.12914567,0.13476871,0.15384033,0.16237472,0.1882623,0.20396474,0.18284559,0.2188646,0.19655867,0.20843561,0.15693693,0.13630705,0.16639338,0.11711579,0.08938473,0.07472461,0.07106372,0.057853784
0,0.24476515,0.2468957,0.255469,0.26103434,0.25122222,0.2552467,0.2433236,0.21762012,0.1827681,0.22805224,0.18021043,0.21850955,0.19751392,0.16148858,0.13334978,0.14987372,0.20225699,0.19314943,0.15267496,0.13465473,0.1250283,0.16183321,0.11946515,0.14860806,0.15201776,0.12260788,0.16559248,0.11724824,0.13384871,0.13413125,0.13526502,0.11653029,0.1291935,0.11205848,0.1133479,0.12365502,0.109763764,0.1187855,0.11216261,0.14290632,0.13141367,0.16801193,0.19065969,0.14161198,0.12813944,0.10897966,0.09784297,0.080682516
0,0.29853067,0.2991386,0.3039337,0.3129821,0.30465695,0.30549616,0.2886262,0.21954754,0.21782935,0.2526044,0.23653631,0.24749835,0.24709928,0.22544764,0.2293711,0.24474092,0.2922031,0.2868254,0.2946181,0.24636956,0.24800687,0.24171424,0.15080796,0.1665558,0.15794705,0.16033635,0.17076336,0.14598738,0.16885224,0.16207765,0.16264348,0.17647581,0.18710221,0.17673796,0.20713381,0.19917017,0.17996557,0.1717562,0.16608472,0.2029059,0.15756047,0.16329212,0.19338222,0.13375129,0.11052745,0.09335198,0.086128175,0.07327984
0,0.2751677,0.27121526,0.27050322,0.27241087,0.2704285,0.27448508,0.23824988,0.22690096,0.17615218,0.26885936,0.2418601,0.24407688,0.19087946,0.20783642,0.2130184,0.26876348,0.3265039,0.3586006,0.2962675,0.20658837,0.2332655,0.20729469,0.1662089,0.1702046,0.18998699,0.18054116,0.2097063,0.16021886,0.14119269,0.1728425,0.17933245,0.17328905,0.17211476,0.18162674,0.21973781,0.2069855,0.1878476,0.17697267,0.18313207,0.19610745,0.14712799,0.14684331,0.17892055,0.10038721,0.07968973,0.07053327,0.06775061,0.0625934
0,0.22229405,0.22368185,0.2279243,0.23175256,0.23222613,0.23502138,0.2008133,0.13190636,0.07369148,0.054672677,0.07356183,0.09832047,0.08786385,0.08094337,0.090170525,0.12368744,0.15258628,0.16162744,0.16429844,0.08598627,0.08801541,0.057370402,0.05425936,0.063381426,0.0514597,0.048951842,0.051288057,0.045124937,0.047495034,0.05986172,0.05267101,0.042957984,0.044218924,0.047039926,0.056440312,0.052141286,0.050088596,0.054281235,0.05196885,0.05780371,0.07262782,0.060640182,0.07698857,0.039485116,0.031199304,0.024644447,0.02391935,0.022141391
0,0.25144103,0.24674857,0.24716823,0.25806162,0.26446667,0.27331772,0.28094086,0.25211948,0.2751153,0.30196303,0.31313404,0.31079453,0.29623583,0.24528258,0.2610037,0.27221337,0.34502074,0.4202489,0.40131435,0.30103013,0.29241103,0.25389472,0.20668657,0.22712861,0.1954631,0.1559802,0.18984495,0.14704445,0.16238277,0.1783522,0.16570257,0.1357815,0.115697645,0.11729296,0.1149328,0.1200486,0.10067016,0.11495198,0.081754826,0.108273685,0.10017462,0.1351538,0.20706593,0.123597816,0.10874114,0.09857834,0.096082814,0.08982595
0,0.31716716,0.31757113,0.32004258,0.33039936,0.32857886,0.3372285,0.32360408,0.22987032,0.2620729,0.2915148,0.2662293,0.25517115,0.27891523,0.2400757,0.2384074,0.29239723,0.3517665,0.4209392,0.4085241,0.30403778,0.30056873,0.2513237,0.15305097,0.14983152,0.17095399,0.13708518,0.12822424,0.09997996,0.105995454,0.12627278,0.1431296,0.11751278,0.15403572,0.16735837,0.13331668,0.15517287,0.16180637,0.14644524,0.11441995,0.14304131,0.11463827,0.15837528,0.18232486,0.11404166,0.096749365,0.078059874,0.07065207,0.068738915
0,0.20940094,0.21055602,0.21286173,0.21778694,0.21480913,0.21338944,0.17110087,0.14010254,0.17687932,0.16134118,0.29050288,0.24533103,0.24160936,0.1798249,0.16075349,0.20605598,0.13817774,0.15107423,0.17703399,0.12410716,0.044218075,0.04032435,0.051989384,0.11274338,0.17348783,0.15927877,0.24349375,0.22421594,0.22386149,0.20083122,0.21811752,0.21854186,0.2106529,0.1955221,0.19369185,0.2151329,0.21896863,0.21837668,0.19511805,0.19523862,0.15929255,0.13801587,0.1410011,0.094635114,0.07949385,0.06539564,0.048395637,0.038232636
0,0.28031895,0.28279844,0.2835424,0.29103863,0.28995118,0.301146,0.30599394,0.2062758,0.22462724,0.2029434,0.24682093,0.21901809,0.16177945,0.11258354,0.04367169,0.05886478,0.09263841,0.116799526,0.09944762,0.07055088,0.06665369,0.08290463,0.06681549,0.07856508,0.09886893,0.0895642,0.10412057,0.09103819,0.09208875,0.119170286,0.10403093,0.08415922,0.06969814,0.06807989,0.07310099,0.087668,0.089554556,0.067420326,0.05903959,0.0863097,0.07707843,0.0795229,0.1442297,0.046759807,0.041740675,0.033492055,0.033633,0.037164032
0,0.28019854,0.27792212,0.2764615,0.2774388,0.27423006,0.28042454,0.30634215,0.23472789,0.26192927,0.31095037,0.24764,0.17549568,0.17237902,0.12686329,0.14855918,0.21312915,0.2959434,0.28746325,0.3508813,0.28920364,0.35073555,0.27675697,0.16192281,0.20829503,0.17699863,0.19868575,0.21884863,0.18621774,0.18277983,0.20649257,0.18339518,0.19382738,0.20163956,0.22018026,0.25055084,0.25263834,0.23562495,0.2175502,0.2026593,0.1740302,0.1547308,0.14480019,0.13649769,0.077824235,0.057359137,0.05408555,0.04907779,0.047813147
0,0.2914801,0.29199252,0.29430982,0.30031615,0.30499396,0.3124672,0.26315406,0.19796647,0.20479487,0.23322831,0.15539035,0.17290303,0.17009366,0.15280859,0.10017114,0.15492313,0.26745233,0.27693847,0.2985942,0.21827877,0.16851604,0.16724892,0.14431408,0.1684368,0.14858007,0.13036057,0.151383,0.124101676,0.13982968,0.1638485,0.16066955,0.18496667,0.21328567,0.2388935,0.25436184,0.2575825,0.25676835,0.21596456,0.18775707,0.18861671,0.15087673,0.15417473,0.18053615,0.10405593,0.08970455,0.07874294,0.07338428,0.06783082
0,0.23936012,0.24406925,0.2505296,0.25903514,0.25522962,0.25617123,0.22677961,0.19725639,0.17381866,0.20069137,0.20660023,0.20540714,0.18964416,0.14920262,0.14834404,0.1986535,0.21231177,0.22790869,0.20620017,0.1553192,0.12973177,0.1386476,0.09367287,0.12155197,0.114786915,0.13059604,0.17306884,0.12009245,0.12496972,0.14589985,0.16458693,0.1594032,0.18321155,0.17631517,0.17317787,0.15102886,0.1211092,0.11629033,0.12595174,0.15570565,0.11442014,0.14524391,0.16630067,0.1115574,0.096812434,0.08075618,0.07666349,0.073639795
0,0.30947086,0.30155823,0.29973254,0.31984556,0.3379254,0.3309784,0.3056998,0.29238138,0.23315568,0.23391531,0.22401682,0.1966509,0.15556727,0.17068908,0.13475458,0.19067119,0.30320737,0.36418876,0.38804105,0.2768726,0.29484248,0.15888487,0.12426885,0.1519305,0.14420134,0.10146832,0.080318585,0.071922,0.067936555,0.06304977,0.0687034,0.07012854,0.078831844,0.07743346,0.09047211,0.102852024,0.1136707,0.12191572,0.114272036,0.11626828,0.102510475,0.11178013,0.14242487,0.11948683,0.10219512,0.09920129,0.09791058,0.08686222
0,0.2456251,0.24622957,0.24796934,0.2580838,0.25964913,0.25885016,0.26235926,0.25958335,0.19900398,0.21871738,0.1829575,0.21289387,0.2033252,0.16927217,0.121019684,0.178875,0.19161633,0.19659564,0.18743782,0.14029302,0.15339948,0.18175147,0.17949931,0.21319921,0.22733422,0.22583437,0.27648145,0.19457375,0.1996844,0.20979178,0.19793175,0.17181773,0.18672362,0.1815025,0.18358164,0.19399086,0.18269782,0.20317994,0.21204363,0.23545365,0.19542919,0.22143404,0.22062598,0.12309124,0.10363551,0.07805901,0.06237569,0.042563725
0,0.26185143,0.26521143,0.2695035,0.27838808,0.28037494,0.27605024,0.27811003,0.20464742,0.22969985,0.20083058,0.18122372,0.20672117,0.1929504,0.16027248,0.12875424,0.15598051,0.20085768,0.16973098,0.19963433,0.14856003,0.13322169,0.12231088,0.07986702,0.059139896,0.061470356,0.054462936,0.066686384,0.05610434,0.047470298,0.04709361,0.040451284,0.042687815,0.04870268,0.06191461,0.07358036,0.09517448,0.096927226,0.09958843,0.10044201,0.09182512,0.094595596,0.10067072,0.12088209,0.05382949,0.046557467,0.042214174,0.03937384,0.036397453
0,0.21707498,0.22160566,0.22973894,0.23651023,0.2241122,0.22376552,0.20025198,0.12955576,0.15291521,0.1622815,0.14545043,0.15292114,0.14083831,0.15405475,0.14172292,0.15982653,0.1961162,0.22199526,0.16051172,0.0914092,0.08508027,0.061898407,0.023969313,0.06347941,0.08497888,0.07665489,0.06130373,0.06403712,0.06116716,0.052961767,0.043922294,0.05603626,0.06547635,0.056963217,0.08082855,0.1133122,0.09820336,0.098919615,0.089508384,0.103106916,0.09103351,0.08875413,0.109655015,0.06637076,0.052815687,0.045034003,0.04195447,0.034097277
0,0.18299334,0.18160875,0.18674056,0.18943298,0.1958067,0.21479443,0.20481518,0.13526961,0.12973759,0.12919007,0.14526759,0.14249368,0.1565127,0.1496694,0.12659447,0.18602176,0.23467794,0.27516004,0.28499618,0.20995708,0.1379563,0.1098622,0.08349051,0.088996865,0.08042055,0.0933799,0.10702926,0.10027275,0.08620789,0.12303469,0.13587055,0.107958846,0.09726802,0.101638295,0.09183083,0.0891755,0.06810336,0.05799665,0.05496914,0.072273634,0.04419748,0.075406976,0.1127694,0.028511396,0.024510337,0.017746521,0.014222907,0.01288106
0,0.24479175,0.24377568,0.24502082,0.25264415,0.25103387,0.25894457,0.27561194,0.2254236,0.23332925,0.23129125,0.2338436,0.255771,0.22567235,0.20102404,0.2140121,0.2305514,0.22852223,0.2653837,0.27548128,0.18166184,0.20926058,0.19431482,0.11008363,0.14042926,0.12399866,0.11256917,0.16189438,0.13080254,0.1329305,0.15678327,0.13224016,0.09617418,0.1110028,0.11393454,0.12255359,0.14393394,0.10131867,0.1022249,0.099402115,0.11884321,0.08391207,0.15540859,0.1587183,0.10266667,0.087788805,0.06767453,0.059823014,0.049958814
0,0.30606318,0.3052148,0.31251314,0.321721,0.3189133,0.32545564,0.31498465,0.2507994,0.21835966,0.20982914,0.26562116,0.24310008,0.26263365,0.2037324,0.18283622,0.30366728,0.4209895,0.47909126,0.4334806,0.27946222,0.25917456,0.21867402,0.13493767,0.2419695,0.23254345,0.21724378,0.21910706,0.15632792,0.14898361,0.17427957,0.17076083,0.18423389,0.17759503,0.20397063,0.22990437,0.27517173,0.25973904,0.29169798,0.27126676,0.29415584,0.24539927,0.24006815,0.3225486,0.11882924,0.080159165,0.054885544,0.043818433,0.035944704
0,0.2531534,0.25057837,0.2530959,0.26165685,0.26026702,0.26850757,0.26885366,0.16549277,0.14748436,0.22719029,0.21245371,0.21072479,0.22547491,0.20583811,0.14984341,0.1448396,0.1740282,0.14384219,0.18555936,0.16252634,0.116317526,0.10058483,0.093162954,0.19292803,0.20340095,0.19997454,0.25009623,0.19207036,0.21700473,0.20367666,0.18112949,0.17060517,0.21210606,0.21088974,0.2462666,0.256652,0.2540581,0.27313647,0.24026513,0.27604994,0.2137595,0.21938686,0.19469455,0.14326166,0.117755964,0.09825577,0.08445901,0.06915267
0,0.2757002,0.27092177,0.27633473,0.28375778,0.29063606,0.29873416,0.29571065,0.16774645,0.2005035,0.3096254,0.31145632,0.3190863,0.27829534,0.30258638,0.3333905,0.36006972,0.44016963,0.45084283,0.40450174,0.31390017,0.29938942,0.21130143,0.13960265,0.19011977,0.17057464,0.14638154,0.15381108,0.11947564,0.11562923,0.16369015,0.21094942,0.23213445,0.21113466,0.20648502,0.21988614,0.22100738,0.20846596,0.22118662,0.23326738,0.18437873,0.17222133,0.16898054,0.21348675,0.0884748,0.07458837,0.07254093,0.06218305,0.05651915
0,0.21201949,0.23601174,0.24468477,0.2482708,0.2450956,0.24756514,0.24537091,0.24804132,0.20329928,0.23742752,0.20770203,0.23515163,0.18410102,0.10482577,0.11406644,0.1973098,0.13546716,0.14702971,0.14637725,0.0943682,0.090378776,0.09453507,0.09073651,0.11256607,0.120340966,0.1160993,0.17729679,0.119944505,0.121759646,0.12757029,0.12549148,0.101784006,0.11786278,0.10293933,0.11206295,0.11627314,0.08631813,0.089226,0.09241338,0.114568174,0.09701083,0.12053243,0.13793619,0.09886154,0.07923411,0.05985981,0.048519205,0.039712805
0,0.27822515,0.2784538,0.28507712,0.29017404,0.28774154,0.28781006,0.27881083,0.16047849,0.18496764,0.1637838,0.157445,0.1648807,0.17470865,0.13285612,0.09845239,0.13938507,0.16364351,0.19057672,0.17922573,0.123146474,0.102543674,0.08991032,0.08076356,0.117377006,0.08181022,0.09060674,0.10907312,0.10777342,0.12508363,0.16433465,0.13720357,0.15375915,0.18089278,0.2067341,0.26383668,0.2751401,0.3094115,0.3126129,0.2687427,0.3078672,0.28390378,0.2905809,0.3161841,0.2373199,0.19271804,0.16193037,0.13909478,0.121336535
0,0.23171349,0.23210149,0.23664589,0.24218436,0.24637118,0.24836169,0.23973806,0.11450082,0.16697283,0.22528128,0.19832122,0.23905693,0.23958217,0.22508931,0.178214,0.21875787,0.23884375,0.22803111,0.28016087,0.23486622,0.2118107,0.20868789,0.15638217,0.16762541,0.18149407,0.16113468,0.21148777,0.16143277,0.15783434,0.17479767,0.15756111,0.12490777,0.13910587,0.12639551,0.1295201,0.1384414,0.12629503,0.13899605,0.13203613,0.16718529,0.14290647,0.18953072,0.18887867,0.11942835,0.10570685,0.08580231,0.06991489,0.053491753
0,0.015448066,0.01483869,0.01425421,0.013666989,0.013219431,0.013474071,0.014488409,0.012790582,0.014100261,0.015322763,0.039885897,0.025384862,0.022162901,0.044120602,0.043605395,0.048083164,0.06323664,0.06946311,0.05734374,0.03185278,0.019867457,0.03227658,0.05041765,0.058824237,0.044980105,0.05010722,0.052049376,0.018418856,0.017432947,0.018458536,0.029148316,0.038443074,0.029973198,0.02003094,0.016671354,0.0141739845,0.012993902,0.016594457,0.017876524,0.021674855,0.01942409,0.01266441,0.012210595,0.011597317,0.012109326,0.014389045,0.015449372,0.010982166
0,0.253894,0.25685665,0.26175714,0.26512527,0.26346892,0.26888123,0.24616025,0.20966144,0.17386137,0.17691104,0.18877324,0.16768624,0.18324435,0.15452023,0.09898209,0.17358983,0.20812427,0.22018552,0.20484371,0.12096442,0.092420146,0.09157616,0.07230647,0.0758447,0.07589405,0.08084782,0.09718809,0.0869016,0.09064312,0.100598924,0.10126591,0.10306492,0.100148104,0.092903696,0.105902396,0.11083775,0.102228716,0.11067466,0.11009438,0.11998075,0.09856888,0.11391425,0.1378486,0.08538649,0.06931448,0.067102574,0.07007016,0.059708573
0,0.28400967,0.2831804,0.2886798,0.29536578,0.3011883,0.3070571,0.29085806,0.24742763,0.22934516,0.26916674,0.30600378,0.29458705,0.27528182,0.2839875,0.27748075,0.26397672,0.33838806,0.28251824,0.2783102,0.14166826,0.13313676,0.11198332,0.08188175,0.110044315,0.12269654,0.12482915,0.14409816,0.11931061,0.10333917,0.13075309,0.14221878,0.124768846,0.14312173,0.15983711,0.16764195,0.1772559,0.17248051,0.24147537,0.24848652,0.20234714,0.21001282,0.25614226,0.2998192,0.23000567,0.19997407,0.1791004,0.15676568,0.118390076
0,0.23743306,0.24048983,0.2412879,0.2302173,0.22600873,0.22604342,0.21955943,0.13808638,0.10986413,0.16186847,0.1489799,0.1260261,0.13020071,0.12964074,0.087621205,0.12367978,0.15679334,0.16952895,0.1796517,0.14028993,0.13830708,0.15124471,0.120958924,0.084405415,0.12066702,0.1359553,0.18317513,0.15367897,0.1691502,0.17254582,0.16125229,0.1652074,0.18893424,0.18496701,0.20400654,0.20316008,0.19493584,0.19331115,0.1898384,0.18893372,0.14912057,0.14809953,0.15100555,0.08796057,0.075625755,0.061999988,0.054641392,0.04417195
0,0.2603019,0.25415674,0.25649756,0.26650342,0.26708272,0.26280978,0.25751472,0.20900579,0.18110327,0.28427464,0.23254645,0.24942286,0.24447286,0.21711646,0.28703228,0.29111144,0.33707976,0.37125492,0.3638222,0.17811956,0.17587152,0.17491226,0.119082026,0.16310894,0.14642738,0.124506965,0.1483697,0.15392892,0.14530502,0.16689618,0.16459604,0.16997357,0.18199031,0.19772674,0.22473116,0.24294697,0.23423858,0.21278134,0.20369403,0.19062263,0.16435295,0.1885453,0.1824141,0.092580415,0.07172124,0.06590445,0.06167699,0.06301743
0,0.255527,0.25425264,0.25294042,0.25590461,0.24973305,0.26844442,0.24942675,0.17133944,0.16579704,0.21283428,0.14759445,0.14538999,0.16700716,0.15985131,0.1382818,0.18428054,0.26780587,0.30561107,0.21870235,0.119392514,0.14783956,0.09378689,0.067152314,0.10369916,0.14393207,0.09449096,0.09351488,0.03652069,0.036543917,0.04081249,0.057046007,0.047326837,0.06455293,0.065150954,0.08160493,0.08871289,0.09744597,0.12022322,0.12178238,0.141604,0.11660242,0.109407865,0.07403235,0.040851377,0.031799294,0.026674924,0.020193955,0.013617736
0,0.20032917,0.19938518,0.20048617,0.20658469,0.21712337,0.21865857,0.20158806,0.21834521,0.22115576,0.19989137,0.26822874,0.23991959,0.2338583,0.21048342,0.18934993,0.20177422,0.1780823,0.2031805,0.20140882,0.19682704,0.16155234,0.13512382,0.09266895,0.107293665,0.1465703,0.15036745,0.17962947,0.15050523,0.16926132,0.18463874,0.19046989,0.19845931,0.20620885,0.20430918,0.22147445,0.24063551,0.23638277,0.22791548,0.21562116,0.20451558,0.16634986,0.16804591,0.14050378,0.045084435,0.029660298,0.021275124,0.016586497,0.014349255
0,0.2734311,0.27423087,0.28042534,0.28423837,0.28549224,0.29372665,0.28853154,0.2176373,0.15569651,0.20192054,0.2834305,0.1921732,0.16453989,0.17497061,0.13240404,0.18262325,0.18387109,0.17593768,0.2078919,0.15094073,0.14604913,0.1381174,0.10419812,0.12163218,0.12537982,0.12746176,0.15774053,0.133579,0.1382157,0.17449565,0.17086147,0.16970213,0.16594088,0.17316894,0.20219195,0.1958675,0.17786938,0.1613351,0.13966195,0.1470533,0.13244647,0.16225126,0.2204186,0.12658606,0.10051159,0.08916421,0.084628895,0.08248154
0,0.2878811,0.2843517,0.29077783,0.30092356,0.30353275,0.31452253,0.2964281,0.22499967,0.24064274,0.26577637,0.21243314,0.18115008,0.16743505,0.19730891,0.12268441,0.1822045,0.24658297,0.25273713,0.22808026,0.16535024,0.19068508,0.16089801,0.10328831,0.13205682,0.13865067,0.15957075,0.18894371,0.15987067,0.17790888,0.21781555,0.19358093,0.19272062,0.1934021,0.19622557,0.2501297,0.28037292,0.31120855,0.3236542,0.2766151,0.28286862,0.24684344,0.23785117,0.27026212,0.19027977,0.14962941,0.12819515,0.11058567,0.09503515
0,0.23136638,0.23436503,0.23940168,0.24450707,0.24409214,0.2449212,0.2143029,0.11822417,0.12164511,0.10909718,0.08789664,0.15608351,0.09408823,0.08366918,0.054470833,0.092432104,0.15606081,0.18071966,0.15260297,0.1380174,0.15650259,0.18705635,0.09942942,0.11698365,0.10479956,0.104146995,0.13978101,0.103171505,0.10567322,0.12495231,0.111133635,0.12574248,0.16832341,0.1514453,0.20458178,0.19314006,0.17360954,0.13243191,0.11096914,0.108865514,0.08535551,0.0924851,0.10973667,0.039500725,0.027010117,0.022958642,0.019057944,0.018450124
0,0.24908905,0.24750398,0.24827448,0.25220922,0.2501441,0.24909098,0.23485994,0.15758517,0.1526566,0.20708977,0.16023909,0.16920392,0.19111244,0.224038,0.10320449,0.06781655,0.1305005,0.14061573,0.1345409,0.07429412,0.051066805,0.04986379,0.05022356,0.08059499,0.061310243,0.06361318,0.083849356,0.06679743,0.06466889,0.077367045,0.082059994,0.08390488,0.07171636,0.06973662,0.101150624,0.108270966,0.10712403,0.09656923,0.07899866,0.09058038,0.07132898,0.069300294,0.09256678,0.03642529,0.030073328,0.028087778,0.02677311,0.02565051
0,0.20936565,0.20744944,0.21076286,0.21307388,0.21542032,0.22669344,0.18737674,0.12026625,0.11222976,0.15617093,0.1867387,0.17600305,0.17197019,0.124527715,0.101338975,0.2008229,0.27381194,0.29024276,0.29358566,0.20082417,0.17071554,0.11932919,0.100503795,0.10518266,0.07949134,0.085006945,0.101008475,0.084024735,0.079502665,0.0967217,0.09109164,0.11325472,0.1414331,0.13866222,0.1715311,0.1815037,0.20236059,0.19734207,0.16533172,0.1761802,0.15077576,0.14207685,0.113371246,0.06586384,0.048630267,0.03772215,0.029279694,0.025171293
0,0.26691735,0.26423573,0.26299533,0.27075294,0.27381316,0.2836985,0.29617867,0.24970794,0.26019278,0.29495832,0.27144226,0.27165458,0.2454998,0.23963201,0.2710823,0.23743556,0.2533687,0.32102424,0.34407103,0.27304384,0.26659256,0.2909821,0.26378408,0.31523654,0.3099823,0.28149185,0.2549301,0.21493582,0.193127,0.22576855,0.24053708,0.1953967,0.21869378,0.2661337,0.23670268,0.28234953,0.2760322,0.29183623,0.32145128,0.33213785,0.300193,0.35315582,0.3354401,0.18748657,0.16254056,0.12041273,0.10822792,0.090291314
0,0.23499261,0.234929,0.23978083,0.24453354,0.24889863,0.25094733,0.24987535,0.22349577,0.23250759,0.2592865,0.27644625,0.27082777,0.26947504,0.2239795,0.22267027,0.28086114,0.24639201,0.23828223,0.27881384,0.27311793,0.23255491,0.23826782,0.24302144,0.23587492,0.2702,0.22450517,0.24945374,0.21272467,0.19764563,0.2124754,0.22602968,0.23085375,0.24002853,0.22671905,0.23423241,0.25424367,0.2718163,0.28219444,0.28198957,0.26510692,0.20850234,0.23876682,0.25559595,0.159685,0.13736548,0.11626835,0.09403013,0.07110261
0,0.23642455,0.23277561,0.2367677,0.24719019,0.26762533,0.2729952,0.22695573,0.16507046,0.210392,0.20972624,0.18668167,0.21404438,0.19434847,0.17455252,0.1789278,0.19318208,0.24551518,0.261236,0.2457896,0.16050713,0.14018074,0.13398854,0.11923867,0.14312655,0.13246201,0.14871055,0.18277986,0.17849143,0.1655076,0.22552328,0.22311313,0.21783853,0.20577486,0.19870459,0.19068407,0.18534355,0.19264969,0.18113612,0.15079165,0.16467756,0.11184376,0.13465388,0.17381518,0.060591992,0.047571782,0.03571394,0.029032817,0.026702872
0,0.24510506,0.24432783,0.24747959,0.24922097,0.24059673,0.2467414,0.22161476,0.1306704,0.19575064,0.22151041,0.2563466,0.27854732,0.24838312,0.1765332,0.20201981,0.3224836,0.35374394,0.39414802,0.3869523,0.2869732,0.20092121,0.16047625,0.13830714,0.14636259,0.15362746,0.13406362,0.1438383,0.1508013,0.12789705,0.13593967,0.16555554,0.16586605,0.14940993,0.14337216,0.14214441,0.17649668,0.15617627,0.15461949,0.16492663,0.17641562,0.14304753,0.15355347,0.15442836,0.07986615,0.0664546,0.05512507,0.052142162,0.047558647
0,0.26368377,0.26355606,0.26743436,0.27412677,0.2690538,0.27435452,0.25821894,0.2357227,0.19227672,0.242707,0.22566569,0.2212752,0.19432774,0.16619657,0.16627297,0.21395972,0.22314806,0.26325172,0.22161423,0.17489804,0.13263854,0.14329924,0.10071125,0.12843616,0.12303223,0.115129784,0.12905036,0.103643455,0.113903545,0.117000856,0.11882054,0.09446161,0.11369272,0.13001375,0.13333061,0.16395108,0.15320353,0.130931,0.11243446,0.17355452,0.11744129,0.17096186,0.22508974,0.12817572,0.107534565,0.09258592,0.083669126,0.07908707
0,0.25689778,0.25563228,0.25757048,0.2630691,0.26300144,0.25910872,0.24484263,0.20517078,0.18385553,0.19088225,0.23740135,0.22298566,0.17490518,0.19408405,0.12442797,0.1508639,0.2524361,0.25285453,0.22021829,0.17468889,0.20605254,0.220538,0.1504121,0.15464936,0.16111346,0.1697136,0.20609097,0.15968923,0.16446772,0.20595418,0.2087746,0.19852336,0.23376215,0.21737123,0.24792099,0.2430573,0.2315212,0.23438595,0.22129391,0.22187297,0.16521534,0.19827294,0.22163288,0.17857693,0.15409252,0.13285087,0.120861344,0.09805228
0,0.28881866,0.2896432,0.28837988,0.29554996,0.29381782,0.28556296,0.2666752,0.22219801,0.25718328,0.25937757,0.24057603,0.2699321,0.24218884,0.18582532,0.1909535,0.22172473,0.28371325,0.26759303,0.3182262,0.24032056,0.24110024,0.22644769,0.19739561,0.24584965,0.2436683,0.22913454,0.21831754,0.2070645,0.2078084,0.21259907,0.1917841,0.18026917,0.17487188,0.16346198,0.16552506,0.16338919,0.14396301,0.12597524,0.122329734,0.13056602,0.10844406,0.13305996,0.18185721,0.10430683,0.0934907,0.089686826,0.087446205,0.07997664
0,0.21897225,0.21941276,0.2273004,0.23047474,0.22425225,0.20225902,0.20464864,0.21832637,0.19532402,0.24220078,0.24936524,0.26691708,0.21879415,0.23309486,0.2380311,0.2686365,0.2923004,0.31339154,0.29032648,0.20526183,0.14996974,0.19236101,0.12700708,0.14720939,0.16271347,0.16061871,0.19891703,0.1539049,0.17612985,0.21127129,0.21291076,0.20566063,0.20951343,0.21326683,0.23294175,0.2562907,0.2384963,0.23543191,0.21620929,0.24831131,0.21310039,0.24274695,0.24217287,0.1585749,0.123218216,0.097322375,0.083423376,0.07382797
0,0.2643501,0.26070175,0.26469252,0.26464242,0.25907698,0.26238886,0.25465277,0.15127467,0.18870234,0.14591902,0.15667987,0.14059441,0.16834292,0.12630877,0.08850972,0.19508182,0.27956852,0.3212478,0.3366393,0.26371905,0.24454246,0.1694028,0.12422772,0.12661771,0.18537942,0.16960226,0.21458422,0.17681487,0.19913195,0.22000973,0.19781315,0.19770923,0.20985924,0.21538866,0.20770927,0.2252415,0.23928379,0.23684712,0.20980792,0.21690817,0.17362498,0.17791305,0.17631371,0.10278797,0.08126705,0.06380763,0.051201653,0.0376299
0,0.26371273,0.26194334,0.2639099,0.2653478,0.26463404,0.26544595,0.2647352,0.1914767,0.23552942,0.20592271,0.31092536,0.22155972,0.24423645,0.21744063,0.21276939,0.2126113,0.23328522,0.23498797,0.2538439,0.19443183,0.18495657,0.19267209,0.17272247,0.25179657,0.26277983,0.26325598,0.28033978,0.23876011,0.24086145,0.29334182,0.27399465,0.26895556,0.24881127,0.22321568,0.21267162,0.22498624,0.1953014,0.22001536,0.20437339,0.2421451,0.19245994,0.23998535,0.28267702,0.17916976,0.1616244,0.14462957,0.13086136,0.11175448
0,0.32789674,0.32659587,0.3329629,0.33887354,0.34175563,0.3518261,0.34366885,0.308297,0.24727428,0.25299102,0.29895088,0.27708358,0.27566263,0.21110868,0.25101838,0.29132912,0.32275292,0.3107845,0.33220735,0.24851237,0.24800597,0.26561916,0.1898064,0.19673085,0.13707717,0.14447397,0.17540364,0.1711465,0.18109034,0.21331783,0.20882626,0.16250849,0.120347954,0.12432759,0.14320837,0.16713622,0.16089676,0.15290396,0.15287447,0.15906067,0.14735214,0.1842196,0.24334538,0.12623104,0.09468875,0.07650113,0.066639535,0.056964513
0,0.23337705,0.23320821,0.23275904,0.2423605,0.24365392,0.24839449,0.2611921,0.1984276,0.19722171,0.1427366,0.23536614,0.14959408,0.14304712,0.12802869,0.14922003,0.21104343,0.25179076,0.27813134,0.28025702,0.23365128,0.21817808,0.26652402,0.22016759,0.23744261,0.22394088,0.193661,0.2257308,0.18398051,0.22008835,0.2335949,0.22653869,0.21664034,0.24547206,0.23886274,0.24387956,0.24916482,0.26359212,0.28839093,0.277635,0.2741563,0.23515415,0.23002653,0.20034428,0.13227609,0.11713649,0.09365749,0.0754381,0.0595083
0,0.23896933,0.2375526,0.24236289,0.2569991,0.25850973,0.26110592,0.23807128,0.15605955,0.15943496,0.20313028,0.1962591,0.21867612,0.1684381,0.14526917,0.10779124,0.14590795,0.16174231,0.17433397,0.15711449,0.10105443,0.08705687,0.080029525,0.059049606,0.07649138,0.081376925,0.0815964,0.104525305,0.10536804,0.10942993,0.13479894,0.1447535,0.13336734,0.15715127,0.18266821,0.20759454,0.21426304,0.18400475,0.16827874,0.14151728,0.1412793,0.11984426,0.13937686,0.15757503,0.120810285,0.094906114,0.08642143,0.08450826,0.07965756
0,0.24134493,0.23969309,0.2445703,0.24802129,0.24779919,0.24938498,0.24464475,0.25275317,0.16901733,0.25509125,0.19012664,0.19317682,0.17893495,0.17200828,0.12704162,0.22626479,0.28377748,0.26535946,0.23661773,0.18291132,0.18151847,0.16802137,0.10953262,0.14167047,0.13650905,0.12302468,0.15151128,0.1163999,0.1359466,0.14231496,0.1249419,0.11348318,0.12675442,0.109335124,0.12585841,0.1414699,0.1363955,0.15242821,0.12965257,0.14716078,0.10003759,0.11322919,0.12959906,0.0661438,0.051939238,0.03905457,0.031368222,0.021558743
0,0.27994666,0.27844724,0.2852283,0.28439865,0.2745408,0.27195457,0.21109398,0.16622621,0.13494933,0.15354213,0.1472933,0.16711764,0.15752125,0.11702355,0.08644571,0.10998122,0.14522794,0.14628808,0.15594497,0.110904075,0.12209912,0.10822757,0.104042135,0.11148436,0.12913828,0.11402384,0.12836118,0.10509205,0.1080397,0.13869669,0.11702539,0.108453296,0.1565492,0.16567908,0.18173549,0.19170336,0.18138106,0.17662989,0.16424282,0.15466468,0.1394401,0.13851264,0.13643628,0.07751881,0.067200206,0.054858625,0.049745794,0.04450379
0,0.27101472,0.2671049,0.2641339,0.26987895,0.2640224,0.2714537,0.25415653,0.108008675,0.14764951,0.13298224,0.1508383,0.10765737,0.15388423,0.10222282,0.06863891,0.10360675,0.20983692,0.23463392,0.22327475,0.15522358,0.1133842,0.086800806,0.06520333,0.08578355,0.07219477,0.112797715,0.12748641,0.1355137,0.12442624,0.14617418,0.13753907,0.1179105,0.14295375,0.12493699,0.16151941,0.15654604,0.13291304,0.123005055,0.12395638,0.10169854,0.09624395,0.12014452,0.13957052,0.103645585,0.08722001,0.0738544,0.06631784,0.060038447
0,0.22262812,0.22388807,0.22732727,0.22540711,0.21959507,0.23965283,0.21777426,0.15206821,0.16684294,0.16834742,0.14240324,0.23465061,0.15054888,0.12812585,0.11489333,0.13594572,0.12923175,0.14780907,0.17264873,0.07705066,0.058400847,0.040247995,0.035767566,0.03813503,0.04923454,0.06268873,0.07094594,0.07605126,0.077660486,0.086116835,0.07996284,0.099958695,0.13891964,0.11868777,0.11305799,0.14379334,0.14493467,0.12907484,0.1339619,0.1400601,0.11825772,0.12248552,0.12124212,0.031375825,0.024720551,0.017507223,0.012927233,0.011186606
0,0.36650845,0.3631954,0.3629776,0.36450943,0.3569475,0.35964477,0.31072012,0.24155231,0.2920145,0.2760178,0.3022266,0.26087394,0.22507326,0.1909368,0.17657647,0.18647635,0.2798389,0.30879816,0.32579896,0.23327258,0.18168782,0.1299691,0.108451,0.09817026,0.12591396,0.14504907,0.20430683,0.23194234,0.19340861,0.22647344,0.2167974,0.27741876,0.33841702,0.3701921,0.3270726,0.38253495,0.40518442,0.39911148,0.38494983,0.37874845,0.367513,0.34497735,0.27229407,0.1659019,0.14665906,0.115042426,0.099157915,0.08081605
0,0.2714663,0.2796323,0.3195462,0.32175738,0.3116749,0.31749138,0.23674908,0.20283079,0.16210996,0.18014455,0.16800183,0.25658748,0.1606441,0.14046408,0.08751882,0.105897345,0.15299761,0.17664771,0.17111158,0.075188726,0.057335317,0.030358195,0.01722007,0.028886778,0.059029877,0.060860086,0.07799398,0.105723314,0.08949229,0.08992892,0.09755821,0.11408466,0.14689687,0.13748176,0.16535406,0.20771563,0.21600185,0.16032384,0.15849128,0.15064187,0.15460984,0.1661713,0.15001173,0.06945231,0.053570937,0.043559063,0.038169112,0.0354723
0,0.24421382,0.24458249,0.24701968,0.24436776,0.24927314,0.25554046,0.278797,0.2421776,0.21785326,0.1789674,0.28297576,0.23562644,0.19743536,0.17367455,0.15640913,0.21276496,0.23547283,0.25525662,0.21583734,0.16070364,0.15339567,0.13697548,0.08720155,0.1265887,0.18136995,0.16636924,0.1710652,0.13941468,0.12309388,0.13403635,0.12666942,0.13146327,0.14616095,0.1490873,0.1733446,0.2021311,0.18323001,0.17973824,0.17061357,0.17693989,0.16890794,0.16288827,0.20525531,0.09680059,0.08537729,0.07839497,0.07997667,0.07258399
0,0.24933758,0.24743012,0.24941865,0.2624919,0.25873986,0.27732146,0.23399411,0.14272231,0.1236214,0.11374942,0.15421404,0.25263512,0.1823245,0.11761339,0.09375829,0.15824859,0.17423879,0.15611435,0.1647694,0.07509389,0.065303646,0.017915612,0.017060185,0.053080168,0.08024301,0.05673529,0.06900727,0.075104795,0.076529406,0.09830282,0.12390715,0.14223303,0.17758317,0.1654327,0.19201058,0.21184099,0.24273613,0.22106555,0.19395606,0.17042528,0.14916465,0.14204477,0.11118986,0.040479194,0.027064169,0.02023196,0.014362852,0.011216534
0,0.00418427,0.0043458403,0.004154044,0.004192252,0.0042536715,0.004244257,0.0037419272,0.002064681,0.0019519884,0.00120096,0.0027683524,0.0075134607,0.012539225,0.0074969823,0.0062908377,0.012359767,0.019080078,0.015305335,0.008582015,0.0036483079,0.001040415,0.00086237857,0.00090123306,0.000889129,0.00090612005,0.0010620219,0.001689508,0.00037769205,0.0002539841,0.0003447922,0.00081845134,0.0007309624,0.0016356449,0.0018584442,0.003778652,0.004059744,0.0039574117,0.005044283,0.006447065,0.004399537,0.0025601694,0.0036065895,0.0009739995,0.0006623973,0.00051547546,0.00045251148,0.0003942053,0.00043137177
0,0.24782884,0.2570307,0.25738144,0.24055305,0.24189802,0.23896073,0.23141277,0.15263663,0.13061331,0.17000099,0.14135678,0.14497465,0.11958485,0.14620596,0.09854084,0.15661699,0.1732541,0.20486012,0.23112082,0.17834067,0.12373703,0.083797984,0.08107381,0.08363458,0.07304105,0.059194457,0.059301104,0.055578824,0.052771974,0.061841507,0.062994815,0.062463976,0.07862284,0.07842719,0.08704134,0.091800295,0.09133216,0.09080621,0.09402068,0.07830985,0.07328873,0.086688675,0.11241686,0.07388855,0.0640768,0.056364454,0.050306935,0.04618842
0,0.21815853,0.21855755,0.22120373,0.22824176,0.2242366,0.2254701,0.23136206,0.13358365,0.13897759,0.19249693,0.18787006,0.15689424,0.102419935,0.10295355,0.05408771,0.051155407,0.09155798,0.1275742,0.121078804,0.066161,0.070797525,0.065751486,0.072303794,0.07204376,0.060003746,0.059040584,0.07867429,0.056354284,0.06614578,0.09278562,0.076267585,0.08671471,0.106924795,0.09861796,0.11887508,0.14065214,0.12942183,0.12038014,0.11272619,0.121167436,0.102621436,0.10089655,0.12938492,0.06848871,0.05036188,0.038129833,0.033188492,0.029297078
0,0.26508778,0.26709983,0.2694759,0.27929217,0.27863494,0.28045806,0.27693722,0.18897812,0.20771773,0.21977566,0.27778623,0.26531672,0.1869641,0.19904812,0.19528395,0.2288992,0.2502465,0.2663487,0.22374396,0.1433389,0.1207778,0.060428318,0.04588319,0.059350587,0.07199242,0.08404536,0.12295594,0.10976871,0.08303805,0.09788736,0.10828207,0.16689268,0.18643247,0.17601037,0.1758749,0.18643653,0.16026743,0.1547652,0.16750255,0.17093286,0.17248361,0.17596887,0.20526575,0.17328505,0.14134969,0.12421584,0.119872354,0.103865944
0,0.21695028,0.21812566,0.22741358,0.23882334,0.2407809,0.24774127,0.18886317,0.11165108,0.1316293,0.15624212,0.1965261,0.14548008,0.18335867,0.11181259,0.07497155,0.06856679,0.083108746,0.1277796,0.103314355,0.13324472,0.04950485,0.050583746,0.08446771,0.07735924,0.13679864,0.11037441,0.15172695,0.13488625,0.19096424,0.17428513,0.17391746,0.18861331,0.23190509,0.20435023,0.20719843,0.21883741,0.2108949,0.19403078,0.16731541,0.15740386,0.14427735,0.152521,0.15133677,0.08728587,0.068883486,0.053341813,0.044006195,0.032619014
0,0.26832196,0.27223942,0.27738637,0.2873126,0.28746033,0.28780577,0.2804092,0.16849022,0.18882728,0.22603671,0.20291455,0.21048462,0.22405052,0.18718345,0.15631668,0.2049229,0.2542977,0.24495123,0.23005758,0.15798475,0.12751351,0.18093227,0.076713465,0.15313335,0.1110155,0.14972286,0.21017325,0.19620085,0.20205264,0.22944145,0.2110763,0.19655319,0.19315945,0.17527936,0.1756094,0.16941826,0.1501475,0.15474705,0.16380979,0.17028673,0.13711475,0.16128138,0.18915331,0.10801288,0.09912383,0.08615965,0.0802469,0.070857115
0,0.24085937,0.2412939,0.24063174,0.23908296,0.23638435,0.23426032,0.23726688,0.18851542,0.1450191,0.23413573,0.21680813,0.17273037,0.16023211,0.1384298,0.14593747,0.13408606,0.16159068,0.13026325,0.1490426,0.104546286,0.0608976,0.05587967,0.05054584,0.06616708,0.07534621,0.07521391,0.09742712,0.07864577,0.08581563,0.08832282,0.087957956,0.09688759,0.11696674,0.10687771,0.121470354,0.14298342,0.14786685,0.18220013,0.18724447,0.19040342,0.17478506,0.18371986,0.17239428,0.11758175,0.09077127,0.08043068,0.06912711,0.054091927
0,0.21117237,0.2118661,0.21285951,0.22310172,0.27862212,0.29018322,0.28946313,0.2731258,0.26429984,0.24833842,0.3098825,0.29320398,0.2397594,0.19289687,0.2009327,0.17763539,0.2240305,0.24312806,0.27088425,0.15294038,0.10597922,0.035316788,0.051036652,0.056213524,0.12969592,0.1101236,0.11214496,0.1408199,0.1368327,0.13002521,0.14139245,0.17894332,0.19369902,0.22191639,0.20438254,0.2274005,0.2462943,0.28578445,0.274533,0.26105037,0.21201383,0.13668881,0.107085444,0.055334844,0.040926933,0.031110007,0.022920981,0.013501653
0,0.21913524,0.21797645,0.21722113,0.22104202,0.22304547,0.23023008,0.2258259,0.20133281,0.18011078,0.19625995,0.15105928,0.22105694,0.18166788,0.15619925,0.121230714,0.19205733,0.28301623,0.31292865,0.33889708,0.19771717,0.16609351,0.11949296,0.09805854,0.11950483,0.10143124,0.109832935,0.10590037,0.084269315,0.06785046,0.09628665,0.082345515,0.08681299,0.13199368,0.119262934,0.10473168,0.11064408,0.1067688,0.097714916,0.09783063,0.089895405,0.06904215,0.072084986,0.07184386,0.038635187,0.033703037,0.026198793,0.024604307,0.01861798
0,0.24483041,0.24452856,0.2512953,0.26041874,0.2597992,0.27235842,0.22121763,0.14371149,0.13168304,0.14674261,0.15546928,0.16095635,0.19559185,0.1541711,0.11248603,0.12930307,0.12797149,0.14874429,0.13586794,0.10317917,0.06261592,0.049984496,0.04264204,0.07369137,0.09094589,0.092609234,0.15759556,0.14266966,0.1559708,0.14406085,0.14994621,0.1564716,0.1726293,0.16745263,0.19236915,0.20403777,0.20389807,0.19462201,0.17899571,0.15563117,0.13628647,0.15474156,0.17208095,0.104278125,0.086977445,0.08392939,0.072311066,0.06632595
0,0.28822643,0.2868813,0.28825697,0.31390095,0.30906016,0.32065353,0.29969338,0.27960396,0.3045245,0.34102824,0.3005355,0.31178752,0.23875801,0.24089153,0.27787313,0.28559503,0.36972567,0.3429303,0.36789256,0.2827993,0.20588271,0.13480599,0.120354965,0.14380434,0.18900476,0.15400898,0.15963295,0.15801683,0.1359032,0.15111834,0.17406635,0.20318015,0.2740399,0.25339323,0.21507518,0.24688168,0.2086,0.21365348,0.19351892,0.18388978,0.16844948,0.15630542,0.10950225,0.07377427,0.06442827,0.054846983,0.052786645,0.043534525
0,0.21593602,0.21224065,0.214635,0.22450557,0.23089385,0.22099648,0.22869562,0.15753084,0.21888757,0.19202203,0.24388508,0.22272383,0.21219657,0.21268602,0.14509563,0.17956762,0.24202345,0.25896975,0.23472099,0.16833602,0.090478554,0.06940386,0.047613885,0.090651274,0.11212045,0.08208495,0.088806264,0.079231225,0.08616792,0.108302295,0.109103434,0.14548352,0.2016491,0.17278711,0.17517509,0.21947856,0.26378894,0.25581247,0.25247726,0.23188956,0.2384756,0.25235993,0.25503257,0.21708862,0.18199694,0.14359911,0.11881049,0.09993032
0,0.33849308,0.33626288,0.33897936,0.34576222,0.34767422,0.35108858,0.3719275,0.29650688,0.3318718,0.32527566,0.3838192,0.35123324,0.36137733,0.34782597,0.38895452,0.41451988,0.42230988,0.38659117,0.3763464,0.3361781,0.38843548,0.33861747,0.23737577,0.26626584,0.25298667,0.26439798,0.29353043,0.29071376,0.29505825,0.3401874,0.32855827,0.33263204,0.35550508,0.34294677,0.381808,0.39414087,0.40023884,0.37189803,0.36922917,0.36247277,0.31584764,0.31454775,0.27724293,0.18515101,0.15047422,0.12478113,0.109058514,0.094614305
0,0.22325778,0.22038355,0.21207838,0.21257286,0.22548962,0.22028244,0.21851645,0.09467574,0.12098068,0.15069167,0.20483433,0.20156467,0.15167521,0.11857007,0.04708741,0.034639042,0.07427953,0.091371916,0.10464271,0.082832865,0.038829032,0.044671565,0.046791766,0.044704035,0.0629611,0.055234563,0.06353889,0.055277087,0.06335779,0.073662624,0.08387266,0.10162486,0.15224086,0.12141172,0.17730646,0.21223168,0.2378964,0.23313573,0.18208528,0.19179483,0.15454286,0.17306866,0.12568836,0.055256363,0.038001012,0.025526142,0.01825892,0.012353028
0,0.2817622,0.28094468,0.2893445,0.30323336,0.30555674,0.31244984,0.27586195,0.19024955,0.2564888,0.2536866,0.20778911,0.22837114,0.20357703,0.20949483,0.12635243,0.17651632,0.23692833,0.2280629,0.23443095,0.1816049,0.17509408,0.1609324,0.100038074,0.13339208,0.1303746,0.121546626,0.15845947,0.17814703,0.16197859,0.17838952,0.19421948,0.20980819,0.24855807,0.23061402,0.2530244,0.2420734,0.2207994,0.20607369,0.23213653,0.24180494,0.17705868,0.17720582,0.16302226,0.10042913,0.087146915,0.08097816,0.07462604,0.06028418
